class,count,percent
Obesity_Type_I,351,0.1662719090478446
Obesity_Type_III,324,0.15348176219801044
Obesity_Type_II,297,0.14069161534817623
Overweight_Level_I,290,0.13737565135007104
Overweight_Level_II,290,0.13737565135007104
Normal_Weight,287,0.1359545239223117
Insufficient_Weight,272,0.12884888678351492
